id,visitor_name,Timing
42d291e7-54b3-11ef-909f-c47bdfc0e6bb,Unknown,2024-08-07 17:20:37
573aa8fd-54b3-11ef-9288-c47bdfc0e6bb,Unknown,2024-08-07 17:21:11
5b8b2d06-54b3-11ef-bda0-c47bdfc0e6bb,Unknown,2024-08-07 17:21:18
5dafda41-54b3-11ef-bb1a-c47bdfc0e6bb,Unknown,2024-08-07 17:21:22
65fa2996-54b3-11ef-bb84-c47bdfc0e6bb,Unknown,2024-08-07 17:21:36
67822432-54b3-11ef-8d02-c47bdfc0e6bb,Unknown,2024-08-07 17:21:39
68907e12-54b3-11ef-b2f7-c47bdfc0e6bb,Unknown,2024-08-07 17:21:40
72eeef1a-54b3-11ef-b283-c47bdfc0e6bb,Unknown,2024-08-07 17:21:58
72eeef1a-54b3-11ef-b283-c47bdfc0e6bb,Unknown,2024-08-07 17:21:58
